tweet id,time of tweet,user id,user name,text
1450000000000000000,2021-10-13,1323280062.0,BTCticker,One Bitcoin now worth  Market Cap  Billion Based  coindesk BPI bitcoin
1450000000000000000,2021-10-13,1.43e+18,RonnieBiggsBTC,"DATA STREAMR LIFECHANGINGMONEY Retest are golden
CoinMarketCap
ElonMusk 
APompliano 
michaelsaylor 
cryptomist
CryptoNews
BTCArchive
TeekaTiwari
CryptoBTCChris 
CoinDesk
Bitcoin
GOLD
BNB
Ethereum 
czbinance 
USDC 
Evergrande https://./ZHawcVEGI"
1450000000000000000,2021-10-13,1.43e+18,RonnieBiggsBTC,"Bitcoin update have fun LONG

CoinMarketCap
ElonMusk 
APompliano 
michaelsaylor 
cryptomist
CryptoNews
BTCArchive
TeekaTiwari
CryptoBTCChris 
CoinDesk
Bitcoin
GOLD
BNB
Ethereum 
czbinance 
USDC 
Evergrande https://./PuQeWhFpcg"
1450000000000000000,2021-10-13,1323280062.0,BTCticker,One Bitcoin now worth  Market Cap  Billion Based  coindesk BPI bitcoin
1450000000000000000,2021-10-13,1323280062.0,BTCticker,One Bitcoin now worth  Market Cap  Billion Based  coindesk BPI bitcoin
1450000000000000000,2021-10-13,1323280062.0,BTCticker,One Bitcoin now worth  Market Cap  Billion Based  coindesk BPI bitcoin
1450000000000000000,2021-10-13,1323280062.0,BTCticker,One Bitcoin now worth  Market Cap  Billion Based  coindesk BPI bitcoin
1450000000000000000,2021-10-13,1323280062.0,BTCticker,One Bitcoin now worth  Market Cap  Billion Based  coindesk BPI bitcoin
1450000000000000000,2021-10-13,1323280062.0,BTCticker,One Bitcoin now worth  Market Cap  Billion Based  coindesk BPI bitcoin
1450000000000000000,2021-10-13,1.43e+18,RonnieBiggsBTC,"bitcoin update 
CoinMarketCap
ElonMusk 
APompliano 
michaelsaylor 
cryptomist
CryptoNews
BTCArchive
TeekaTiwari
CryptoBTCChris 
CoinDesk
Bitcoin
GOLD
BNB
Ethereum 
czbinance 
USDC 
Evergrande https://./vVNvOlvUU"
1450000000000000000,2021-10-13,7.73e+17,sarang143u,"Mila Kunis New NFT Project  CoinDesk Shorts

Would you buy  Stoner Cats NFT nfts crypto coindesk eth milakunis shortsSubscribe  CoinDesk  YouTube https://./dSFJQdwBE https://./WmrpONDD"
1450000000000000000,2021-10-13,1323280062.0,BTCticker,One Bitcoin now worth  Market Cap  Billion Based  coindesk BPI bitcoin
1450000000000000000,2021-10-13,1.25e+18,alexander_patry,"Central Banks  Private Currencies ‚ÄòThe Future  Money‚Äô With Economist Eswar Prasad 

Economist Eswar Prasad‚Äô latest book   ambitious overview  the changing nature  money
Coindesk Currencies
https://./LzkOoXLy"
1450000000000000000,2021-10-13,1.43e+18,RonnieBiggsBTC,"bitcoin update Strong long lifechangingmoney
CoinMarketCap
ElonMusk 
APompliano 
michaelsaylor 
cryptomist
CryptoNews
BTCArchive
TeekaTiwari
CryptoBTCChris 
CoinDesk
Bitcoin
GOLD
BNB
Ethereum 
czbinance 
USDC https://./lKxPyBFl"
1450000000000000000,2021-10-13,1.43e+18,RonnieBiggsBTC,"short when hits here bearish retest bitcoin
CoinMarketCap
ElonMusk 
APompliano 
michaelsaylor 
cryptomist
CryptoNews
BTCArchive
TeekaTiwari
CryptoBTCChris 
CoinDesk
Bitcoin
GOLD
BNB
Ethereum 
czbinance 
USDC https://./DcYZTzgMp"
1450000000000000000,2021-10-13,1.43e+18,RonnieBiggsBTC,"short  bearish retest bitcoin
CoinMarketCap
ElonMusk 
APompliano 
michaelsaylor 
cryptomist
CryptoNews
BTCArchive
TeekaTiwari
CryptoBTCChris 
CoinDesk
Bitcoin
GOLD
BNB
Ethereum 
czbinance 
USDC https://./mvtTuNQLG"
1450000000000000000,2021-10-13,340070780.0,x3tko,Ethereum‚Äô Latest Progress Toward ProofofStake coindesk bitcoin crypto https://./GutHSkygb
1450000000000000000,2021-10-13,1323280062.0,BTCticker,One Bitcoin now worth  Market Cap  Billion Based  coindesk BPI bitcoin
1450000000000000000,2021-10-13,1323280062.0,BTCticker,One Bitcoin now worth  Market Cap  Billion Based  coindesk BPI bitcoin
1450000000000000000,2021-10-13,340070780.0,x3tko,Bitqyck Founders Plead Guilty  Tax Evasion coindesk bitcoin crypto https://./RTgktRyM
1450000000000000000,2021-10-13,1323280062.0,BTCticker,One Bitcoin now worth  Market Cap  Billion Based  coindesk BPI bitcoin
1450000000000000000,2021-10-13,9.32e+17,ConsiliumCrypto,"According   ecb official the bank will experiment with  digital euro and use insights from  investigation  determine whether  not  create  CBDC

cryptocurrency blockchain bitcoin ethereum digitalassets coindesk bigdata
https://./pMkXxBKk"
1450000000000000000,2021-10-13,1323280062.0,BTCticker,One Bitcoin now worth  Market Cap  Billion Based  coindesk BPI bitcoin
1450000000000000000,2021-10-13,1.35e+18,SuavecitoCrypto, have never been  excited about  project going mainstream SalvadorCrypto girlgonecrypto BitboyCrypto yourdefiguide DappUniversity APompliano CoinDesk boxmining crypto Nadex marenaltman livingwithluci MKBHD MikeDavisYT MYLESGINVEST PancakeSwap https://./LlvuKvDv
1450000000000000000,2021-10-14,1323280062.0,BTCticker,One Bitcoin now worth  Market Cap  Billion Based  coindesk BPI bitcoin
1450000000000000000,2021-10-14,1323280062.0,BTCticker,One Bitcoin now worth  Market Cap  Billion Based  coindesk BPI bitcoin
1450000000000000000,2021-10-14,340070780.0,x3tko,Bitcoin Mining After the China Ban  Dominance  Set  Continue coindesk bitcoin crypto https://./ohMBitbZY
1450000000000000000,2021-10-14,1323280062.0,BTCticker,One Bitcoin now worth  Market Cap  Billion Based  coindesk BPI bitcoin
1450000000000000000,2021-10-14,1323280062.0,BTCticker,One Bitcoin now worth  Market Cap  Billion Based  coindesk BPI bitcoin
1450000000000000000,2021-10-14,340070780.0,x3tko,BSN  Integrate CBDCFocused Cypherium Blockchain coindesk bitcoin crypto https://./BjyljjL
1450000000000000000,2021-10-14,340070780.0,x3tko,Stacks Foundation and Brink  Fund Bitcoin Development Fellowship Using Stacking Rewards coindesk bitcoin cry https://./ZByXnWqsz
1450000000000000000,2021-10-14,1323280062.0,BTCticker,One Bitcoin now worth  Market Cap  Billion Based  coindesk BPI bitcoin
1450000000000000000,2021-10-14,1.36e+18,educationoutlk,"CoinDesk offers the list  Top AsianUniversities for Blockchain 

https://./mKOTmlqW

Blockchain BlockchainCourses BlockchainTechnology AsianUniversities Cryptocurrencies onlineeducation theeducationoutlook"
1450000000000000000,2021-10-14,1323280062.0,BTCticker,One Bitcoin now worth  Market Cap  Billion Based  coindesk BPI bitcoin
1450000000000000000,2021-10-14,1323280062.0,BTCticker,One Bitcoin now worth  Market Cap  Billion Based  coindesk BPI bitcoin
1450000000000000000,2021-10-14,1.15e+18,shayan556,"Exciting times ahead tenup token burnCoinMarketCap cointelegraph 
coindesk 
Tenup https://./OIXaxlxNl"
1450000000000000000,2021-10-14,1.4e+18,justwehumans,"  True
XEC ecash coinbase CoinMarketCap CoinbasePro CoinDesk WazirXIndia binance czbinance dogecoin Shibtoken Tesla SpaceX 
SpaceX Tesla ShibToken Dogecoin BinanceNFT wazirx coindesk CoinMarketCap Coinbase cryptocurrency Crypto https://./BdmXrAR"
1450000000000000000,2021-10-14,1.38e+18,SafdarAlay,"TenuptoTheMoon Tenup BTC CoinMarketCap cointelegraph coingecko coindesk Just visit the website find the whitepaper with  outstanding usecase Countrys first Crypto with  huge nation behind Its really  missing out  not  jump  right now
Metaverse TeamTenUp üöÄ"
1450000000000000000,2021-10-14,1323280062.0,BTCticker,One Bitcoin now worth  Market Cap  Billion Based  coindesk BPI bitcoin
1450000000000000000,2021-10-14,9.47e+17,DavosCryptos,who want  apply Coindesk https://./fPrwwg
1450000000000000000,2021-10-14,1323280062.0,BTCticker,One Bitcoin now worth  Market Cap  Billion Based  coindesk BPI bitcoin
1450000000000000000,2021-10-14,8.01e+17,HarnessAP,"Top Universities for Blockchain 
‚Ä¢ NationalUniversityOfSingapore  Top Globally 
‚Ä¢ European are rising 
‚Ä¢ MIT  Top   

https://./iGvWipXbs

BlockchainEducation 
blockchaintechnology 
Blockchain 
Coindesk
University 
MIT
CSkills
BlockchainBusinessSchool"
1450000000000000000,2021-10-14,1.45e+18,LittleGarfield9,"CoinDesk CypheriumChain egreechee  your projects havent been audited thats fine  bcs xGuard  here  make sure that your audit  completed within time and dont panic much there audit  affordable üòä
CoinDesk DeFi Blockchain Security https://./NtZOkUO"
1450000000000000000,2021-10-14,1323280062.0,BTCticker,One Bitcoin now worth  Market Cap  Billion Based  coindesk BPI bitcoin
1450000000000000000,2021-10-14,9.32e+17,ConsiliumCrypto,"Shanghai will use the Conflux blockchain infrastructure  test  offshore yuan stablecoin Chinas CBDC has been  trials since April  

cryptocurrency blockchain bitcoin ethereum digitalassets coindesk bigdata wealthmanagement
https://./mwKsvhA"
1450000000000000000,2021-10-14,1323280062.0,BTCticker,One Bitcoin now worth  Market Cap  Billion Based  coindesk BPI bitcoin
1450000000000000000,2021-10-14,1323280062.0,BTCticker,One Bitcoin now worth  Market Cap  Billion Based  coindesk BPI bitcoin
1450000000000000000,2021-10-15,1323280062.0,BTCticker,One Bitcoin now worth  Market Cap  Billion Based  coindesk BPI bitcoin
1450000000000000000,2021-10-15,1323280062.0,BTCticker,One Bitcoin now worth  Market Cap  Billion Based  coindesk BPI bitcoin
1450000000000000000,2021-10-15,255808742.0,killpatty,"ifb
SHIB the token that‚Äô clearly not taken seriously  most institutional investors  still far from dead after another dumping event last week Blockchain data reveals  tale  how small individual investors can  against big institutions when united
coindesk https://./ARYUzzPR"
1450000000000000000,2021-10-15,255808742.0,killpatty,MuyaoShen Great article  coindesk thank you
1450000000000000000,2021-10-15,1323280062.0,BTCticker,One Bitcoin now worth  Market Cap  Billion Based  coindesk BPI bitcoin
1450000000000000000,2021-10-15,340070780.0,x3tko,Bitcoin Spikes After Bloomberg Reports SEC Won‚Äô Block Futures ETF coindesk bitcoin crypto https://./LiRMqcYP
1450000000000000000,2021-10-15,1323280062.0,BTCticker,One Bitcoin now worth  Market Cap  Billion Based  coindesk BPI bitcoin
1450000000000000000,2021-10-15,1323280062.0,BTCticker,One Bitcoin now worth  Market Cap  Billion Based  coindesk BPI bitcoin
1450000000000000000,2021-10-15,1323280062.0,BTCticker,One Bitcoin now worth  Market Cap  Billion Based  coindesk BPI bitcoin
1450000000000000000,2021-10-15,1323280062.0,BTCticker,One Bitcoin now worth  Market Cap  Billion Based  coindesk BPI bitcoin
1450000000000000000,2021-10-15,1323280062.0,BTCticker,One Bitcoin now worth  Market Cap  Billion Based  coindesk BPI bitcoin
1450000000000000000,2021-10-15,1323280062.0,BTCticker,One Bitcoin now worth  Market Cap  Billion Based  coindesk BPI bitcoin
1450000000000000000,2021-10-15,1323280062.0,BTCticker,One Bitcoin now worth  Market Cap  Billion Based  coindesk BPI bitcoin
1450000000000000000,2021-10-15,1323280062.0,BTCticker,One Bitcoin now worth  Market Cap  Billion Based  coindesk BPI bitcoin
1450000000000000000,2021-10-15,1323280062.0,BTCticker,One Bitcoin now worth  Market Cap  Billion Based  coindesk BPI bitcoin
1450000000000000000,2021-10-15,1.25e+18,alexander_patry,"‚úÖ SEC Approves Bitcoin ETF Opening Crypto  Wider Investor Base
‚ñ∂Ô∏è The Securities and Exchange Commission SEC greenlighted bitcoin futures ETFs   first for the industry  Friday
Coindesk SEC ETF
https://./KOibxFCb https://./OOdKzdqS"
1450000000000000000,2021-10-16,1323280062.0,BTCticker,One Bitcoin now worth  Market Cap  Billion Based  coindesk BPI bitcoin
1450000000000000000,2021-10-16,1323280062.0,BTCticker,One Bitcoin now worth  Market Cap  Billion Based  coindesk BPI bitcoin
1450000000000000000,2021-10-16,1323280062.0,BTCticker,One Bitcoin now worth  Market Cap  Billion Based  coindesk BPI bitcoin
1450000000000000000,2021-10-16,1323280062.0,BTCticker,One Bitcoin now worth  Market Cap  Billion Based  coindesk BPI bitcoin
1450000000000000000,2021-10-16,340070780.0,x3tko,Ransomware Payments   Already Dwarf Last Year‚Äô Total FinCEN Reports coindesk bitcoin crypto https://./qJXLYMuSbE
1450000000000000000,2021-10-16,1323280062.0,BTCticker,One Bitcoin now worth  Market Cap  Billion Based  coindesk BPI bitcoin
1450000000000000000,2021-10-16,340070780.0,x3tko,Tribe Capital  Launch  Crypto Fund coindesk bitcoin crypto https://./NjivhuZgE
1450000000000000000,2021-10-16,1323280062.0,BTCticker,One Bitcoin now worth  Market Cap  Billion Based  coindesk BPI bitcoin
1450000000000000000,2021-10-16,1323280062.0,BTCticker,One Bitcoin now worth  Market Cap  Billion Based  coindesk BPI bitcoin
1450000000000000000,2021-10-16,1323280062.0,BTCticker,One Bitcoin now worth  Market Cap  Billion Based  coindesk BPI bitcoin
1450000000000000000,2021-10-16,340070780.0,x3tko,How the Crypto Industry Thinks  Should  Regulated coindesk bitcoin crypto https://./KOFFXDsV
1450000000000000000,2021-10-16,1323280062.0,BTCticker,One Bitcoin now worth  Market Cap  Billion Based  coindesk BPI bitcoin
1450000000000000000,2021-10-16,340070780.0,x3tko,Market Wrap Bitcoin Reaches   SEC‚Äô ETF Deadline Nears coindesk bitcoin crypto https://./ZumQIr
1450000000000000000,2021-10-16,1323280062.0,BTCticker,One Bitcoin now worth  Market Cap  Billion Based  coindesk BPI bitcoin
1450000000000000000,2021-10-16,9.32e+17,ConsiliumCrypto,"Brazilian Investment Bank BTG Pactual plans  launch  platform for blockchainbased investments The firm said its crypto arm called Mynt will  available later this year

cryptocurrency blockchain bitcoin ethereum digitalassets coindesk
https://./UfSFrIHRFj"
1450000000000000000,2021-10-16,1323280062.0,BTCticker,One Bitcoin now worth  Market Cap  Billion Based  coindesk BPI bitcoin
1450000000000000000,2021-10-16,1323280062.0,BTCticker,One Bitcoin now worth  Market Cap  Billion Based  coindesk BPI bitcoin
1450000000000000000,2021-10-16,340070780.0,x3tko,The Sure Thing the Force Multiplier and the Underdoge coindesk bitcoin crypto https://./AQGIMWXD
1450000000000000000,2021-10-17,1323280062.0,BTCticker,One Bitcoin now worth  Market Cap  Billion Based  coindesk BPI bitcoin
1450000000000000000,2021-10-17,1323280062.0,BTCticker,One Bitcoin now worth  Market Cap  Billion Based  coindesk BPI bitcoin
1450000000000000000,2021-10-17,1.43e+18,MohsinI63040502,"Nice project  hapoe this project  best
Moni
MdJahar
DebnathDoyal
Reza
Milonro
coindesk Airdrop cryptocurrency Giveaway https://./GyhCBcwFr"
1450000000000000000,2021-10-17,340070780.0,x3tko,What   Bitcoin ETF coindesk bitcoin crypto https://./dCYmuChV
1450000000000000000,2021-10-17,1323280062.0,BTCticker,One Bitcoin now worth  Market Cap  Billion Based  coindesk BPI bitcoin
1450000000000000000,2021-10-17,1323280062.0,BTCticker,One Bitcoin now worth  Market Cap  Billion Based  coindesk BPI bitcoin
1450000000000000000,2021-10-17,1323280062.0,BTCticker,One Bitcoin now worth  Market Cap  Billion Based  coindesk BPI bitcoin
1450000000000000000,2021-10-17,392818260.0,AnzaldiDavide,"https://./EJIzSGn
Even thought about controlling  groove with realtime data loaded from  API Ruby sonicpi electronicmusic electronicmusicproducer ambientmusic api coindesk USD groove"
1450000000000000000,2021-10-17,1323280062.0,BTCticker,One Bitcoin now worth  Market Cap  Billion Based  coindesk BPI bitcoin
1450000000000000000,2021-10-17,1.42e+18,BSCWallStreetB,"‚ñ™Ô∏è While the urge among advisors may   usher their clients into  separately managed crypto account  private fund many clients will prefer  hold their assets directly

Crypto CryptoNews BSCNews BSCWallStreetBets Coindesk 

https://./BkwBwkdI"
1450000000000000000,2021-10-17,1323280062.0,BTCticker,One Bitcoin now worth  Market Cap  Billion Based  coindesk BPI bitcoin
1450000000000000000,2021-10-17,1.39e+18,officialbrtoken,Stake and earn    APY Visit https://./iBYyzczd brtk brtoken esports cryptonews coindesk trending binance BinanceSmartChain https://./xxgrW
1450000000000000000,2021-10-17,1323280062.0,BTCticker,One Bitcoin now worth  Market Cap  Billion Based  coindesk BPI bitcoin
1450000000000000000,2021-10-17,1323280062.0,BTCticker,One Bitcoin now worth  Market Cap  Billion Based  coindesk BPI bitcoin
1450000000000000000,2021-10-17,1323280062.0,BTCticker,One Bitcoin now worth  Market Cap  Billion Based  coindesk BPI bitcoin
1450000000000000000,2021-10-17,340070780.0,x3tko,Bitcoin Futures ETFs May Boost Cash and Carry Yields coindesk bitcoin crypto https://./yeYyDrqzD
1450000000000000000,2021-10-17,9.32e+17,ConsiliumCrypto,"Recently China intensified its crackdown  cryptocurrency declaring all financial transactions involving the digitalassets  illegal and issued  nationwide ban  crypto mining 

blockchain bitcoin ethereum coindesk bigdata wealthmanagement
https://./mQgPDGCdg"
1450000000000000000,2021-10-17,1323280062.0,BTCticker,One Bitcoin now worth  Market Cap  Billion Based  coindesk BPI bitcoin
1450000000000000000,2021-10-17,1323280062.0,BTCticker,One Bitcoin now worth  Market Cap  Billion Based  coindesk BPI bitcoin
1450000000000000000,2021-10-17,340070780.0,x3tko,Bitcoin Mining  Decentralizing ‚Äì Here‚Äô Proof coindesk bitcoin crypto https://./VFXBzgh
1450000000000000000,2021-10-17,340070780.0,x3tko,Grayscale Said Close  Filing  Convert Bitcoin Fund Into Spot ETF CNBC coindesk bitcoin crypto https://./QkNDeUad
1450000000000000000,2021-10-18,1323280062.0,BTCticker,One Bitcoin now worth  Market Cap  Billion Based  coindesk BPI bitcoin
1450000000000000000,2021-10-18,1323280062.0,BTCticker,One Bitcoin now worth  Market Cap  Billion Based  coindesk BPI bitcoin
1450000000000000000,2021-10-18,1.25e+18,alexander_patry,"Grayscale Said Close  Filing  Convert Bitcoin Fund Into Spot ETF CNBC

Once the application  made the SEC will have  days  review 
coindesk BTC SEC
https://./bSenhQ"
1450000000000000000,2021-10-18,1323280062.0,BTCticker,One Bitcoin now worth  Market Cap  Billion Based  coindesk BPI bitcoin
1450000000000000000,2021-10-18,1323280062.0,BTCticker,One Bitcoin now worth  Market Cap  Billion Based  coindesk BPI bitcoin
1450000000000000000,2021-10-18,1323280062.0,BTCticker,One Bitcoin now worth  Market Cap  Billion Based  coindesk BPI bitcoin
1450000000000000000,2021-10-18,1323280062.0,BTCticker,One Bitcoin now worth  Market Cap  Billion Based  coindesk BPI bitcoin
1450000000000000000,2021-10-18,1.29e+18,poyrazhuso,"BillyMk Why ATA Automata 
Automata  
crypto 
coin
CoinMarketCap 
coindesk 
Binance¬†¬†¬†¬† 
Coinbase 
ElonMusk 
EylemCulculoglu 
altugisler 
VitalikButerin 
AutomataNetwork 
CryptoMichNL 
MMCrypto 
czbinance 
TheCryptoLark 
bugrasukas 
scottmelker"
1450000000000000000,2021-10-18,1.29e+18,poyrazhuso,"NorthmanTrader Why ATA Automata 
Automata  
crypto 
coin
CoinMarketCap 
coindesk 
Binance¬†¬†¬†¬† 
Coinbase 
ElonMusk 
EylemCulculoglu 
altugisler 
VitalikButerin 
AutomataNetwork 
CryptoMichNL 
MMCrypto 
czbinance 
TheCryptoLark 
bugrasukas 
scottmelker"
1450000000000000000,2021-10-18,1.29e+18,poyrazhuso,"EylemCulculoglu Why ATA Automata 
Automata  
crypto 
coin
CoinMarketCap 
coindesk 
Binance¬†¬†¬†¬† 
Coinbase 
ElonMusk 
EylemCulculoglu 
altugisler 
VitalikButerin 
AutomataNetwork 
CryptoMichNL 
MMCrypto 
czbinance 
TheCryptoLark 
bugrasukas 
scottmelker"
1450000000000000000,2021-10-18,1.29e+18,poyrazhuso,"TrueCrypto Why ATA Automata 
Automata  
crypto 
coin
CoinMarketCap 
coindesk 
Binance¬†¬†¬†¬† 
Coinbase 
ElonMusk 
EylemCulculoglu 
altugisler 
VitalikButerin 
AutomataNetwork 
CryptoMichNL 
MMCrypto 
czbinance 
TheCryptoLark 
bugrasukas 
scottmelker"
1450000000000000000,2021-10-18,1.29e+18,poyrazhuso,"NeuroSkeptic Why ATA Automata 
Automata  
crypto 
coin
CoinMarketCap 
coindesk 
Binance¬†¬†¬†¬† 
Coinbase 
ElonMusk 
EylemCulculoglu 
altugisler 
VitalikButerin 
AutomataNetwork 
CryptoMichNL 
MMCrypto 
czbinance 
TheCryptoLark 
bugrasukas 
scottmelker"
1450000000000000000,2021-10-18,1.29e+18,poyrazhuso,"CryptoNewton Why ATA Automata 
Automata  
crypto 
coin
CoinMarketCap 
coindesk 
Binance¬†¬†¬†¬† 
Coinbase 
ElonMusk 
EylemCulculoglu 
altugisler 
VitalikButerin 
AutomataNetwork 
CryptoMichNL 
MMCrypto 
czbinance 
TheCryptoLark 
bugrasukas 
scottmelker"
1450000000000000000,2021-10-18,1.29e+18,poyrazhuso,"intotheblock rektcapital scottmelker TheCryptoLark coinbureau Cointelegraph CryptoSlate Why ATA Automata 
Automata  
crypto 
coin
CoinMarketCap 
coindesk 
Binance¬†¬†¬†¬† 
Coinbase 
ElonMusk 
EylemCulculoglu 
altugisler 
VitalikButerin 
AutomataNetwork 
CryptoMichNL 
MMCrypto 
czbinance 
TheCryptoLark 
bugrasukas 
scottmelker"
1450000000000000000,2021-10-18,1.29e+18,poyrazhuso,"TrustWallet Why ATA Automata 
Automata  
crypto 
coin
CoinMarketCap 
coindesk 
Binance¬†¬†¬†¬† 
Coinbase 
ElonMusk 
EylemCulculoglu 
altugisler 
VitalikButerin 
AutomataNetwork 
CryptoMichNL 
MMCrypto 
czbinance 
TheCryptoLark 
bugrasukas 
scottmelker"
1450000000000000000,2021-10-18,1.29e+18,poyrazhuso,"zilliqa NIP Why ATA Automata 
Automata  
crypto 
coin
CoinMarketCap 
coindesk 
Binance¬†¬†¬†¬† 
Coinbase 
ElonMusk 
EylemCulculoglu 
altugisler 
VitalikButerin 
AutomataNetwork 
CryptoMichNL 
MMCrypto 
czbinance 
TheCryptoLark 
bugrasukas 
scottmelker"
1450000000000000000,2021-10-18,1.42e+18,HBARbro1,CoinDesk circlepay hedera IanAllison  course ‚Äô  hedera ‚ÄºÔ∏è HBAR HBAR hedera coindesk love üëåü§ùü™êüíöüåø
1450000000000000000,2021-10-18,1323280062.0,BTCticker,One Bitcoin now worth  Market Cap  Billion Based  coindesk BPI bitcoin
1450000000000000000,2021-10-18,1.43e+18,AltsomeOfficial,"Tribe Capital  venture capital firm with investments  Kraken and FTX among others  the crypto sector  launching   million crypto fund sources familiar with the initiative told CoinDesk

TOPIC  CryptoCurrency Ethereum Blockchain NFTs Altcoin Altsome https://./lwibMLqOk"
1450000000000000000,2021-10-18,1323280062.0,BTCticker,One Bitcoin now worth  Market Cap  Billion Based  coindesk BPI bitcoin
1450000000000000000,2021-10-18,9.32e+17,ConsiliumCrypto,"According  JPMorgan institutional investors are showing more confidence  Ether than Bitcoin Click here  learn more

cryptocurrency blockchain digitalassets coindesk bigdata wealthmanagement
https://./OeDTbVV"
1450000000000000000,2021-10-18,1323280062.0,BTCticker,One Bitcoin now worth  Market Cap  Billion Based  coindesk BPI bitcoin
1450000000000000000,2021-10-18,1.34e+18,StockingUp7,"Its kind  Amazing amp  welcomed Development Articles  the wayyyyyyyyyyy coindesk

https://./tPsZfjxi"
1450000000000000000,2021-10-18,340070780.0,x3tko,Rep Tom Emmer Wants Stablecoins Over CBDCs ‚Äì Interview coindesk bitcoin crypto https://./LxFrzYncv
1450000000000000000,2021-10-18,1323280062.0,BTCticker,One Bitcoin now worth  Market Cap  Billion Based  coindesk BPI bitcoin
1450000000000000000,2021-10-18,1323280062.0,BTCticker,One Bitcoin now worth  Market Cap  Billion Based  coindesk BPI bitcoin
1450000000000000000,2021-10-18,1.2e+18,InvestorVenture,"All about BITCOIN ETF

COIN HOOD
BinanceCoin DLT bitcoinnews Coins Coinbase Coindesk WSJ CNBC CNN Forbes Bloomberg Etrade TDAmeritrade YahooNews Cryptocurrency
BTC 
BCH
cryptocoin
dogecoin DOGE
ethereum ETH
iota
Litecoin LTC
https://./xtyRpBZaQ"
1450000000000000000,2021-10-18,1323280062.0,BTCticker,One Bitcoin now worth  Market Cap  Billion Based  coindesk BPI bitcoin
1450000000000000000,2021-10-19,1323280062.0,BTCticker,One Bitcoin now worth  Market Cap  Billion Based  coindesk BPI bitcoin
1450000000000000000,2021-10-19,152840180.0,derekWwyatt,"‚ÄúBlockchain data reveals  tale  how small individual investors can  against big institutions when they are united‚Äù ‚Ä¶ SHIBarmy 

SHIB CryptoNews CoinDesk  https://./JqJviWws"
1450000000000000000,2021-10-19,1323280062.0,BTCticker,One Bitcoin now worth  Market Cap  Billion Based  coindesk BPI bitcoin
1450000000000000000,2021-10-19,1240807782.0,ioosetiamanara,"with the opportunity  take part  this airdrop   very enthusiastic because this   excellent project lets take   the moon
ManrungRico mahesafahmi EfsaSalman 

AxieDAI AxieDaiOfficial  Coindesk Airdrop https://./aQVTRozIt"
1450000000000000000,2021-10-19,1323280062.0,BTCticker,One Bitcoin now worth  Market Cap  Billion Based  coindesk BPI bitcoin
1450000000000000000,2021-10-19,1323280062.0,BTCticker,One Bitcoin now worth  Market Cap  Billion Based  coindesk BPI bitcoin
1450000000000000000,2021-10-19,340070780.0,x3tko,The Associated Press Launches NFT Collection  Binance Marketplace coindesk bitcoin crypto https://./FCsbsFH
1450000000000000000,2021-10-19,1323280062.0,BTCticker,One Bitcoin now worth  Market Cap  Billion Based  coindesk BPI bitcoin
1450000000000000000,2021-10-19,1323280062.0,BTCticker,One Bitcoin now worth  Market Cap  Billion Based  coindesk BPI bitcoin
1450000000000000000,2021-10-19,2373909360.0,upstractcom,BTC price    since China ‚Äòselflessly‚Äô banned Bitcoin mining cnbctelevisionentire coindesk china  cnbctelevisionproshares managingdirector https://./fmcYsPVEPK
1450000000000000000,2021-10-19,1323280062.0,BTCticker,One Bitcoin now worth  Market Cap  Billion Based  coindesk BPI bitcoin
1450000000000000000,2021-10-19,1323280062.0,BTCticker,One Bitcoin now worth  Market Cap  Billion Based  coindesk BPI bitcoin
1450000000000000000,2021-10-19,9.32e+17,ConsiliumCrypto,"Coinbase will enable  users  deposit paychecks directly  crypto Additionally Coinbase would allow visa debit card holders  earn crypto rewards

cryptocurrency blockchain bitcoin ethereum digitalassets coindesk bigdata wealthmanagement
https://./PWbvBEBfC"
1450000000000000000,2021-10-19,1323280062.0,BTCticker,One Bitcoin now worth  Market Cap  Billion Based  coindesk BPI bitcoin
1450000000000000000,2021-10-19,340070780.0,x3tko,PsyOptions Raises  for Options Liquidity Mining and NFT Derivatives coindesk bitcoin crypto https://./hPdUwVPWT
1450000000000000000,2021-10-19,1323280062.0,BTCticker,One Bitcoin now worth  Market Cap  Billion Based  coindesk BPI bitcoin
1450000000000000000,2021-10-19,1.41e+18,Coincub_,"Remember dont buy pizza

Bitcoin CryptoNews coindesk HODL ETF ETFBitcoin https://./cjRyFpVkG"
1450000000000000000,2021-10-19,1.09e+18,LykkeTrading,"Bitcoin 

Highest price  have ever seen  Coindesk was 
Current price       
ATH was  ago 
BTC ATH https://./qvSjvqke"
1450000000000000000,2021-10-19,1323280062.0,BTCticker,One Bitcoin now worth  Market Cap  Billion Based  coindesk BPI bitcoin
1450000000000000000,2021-10-19,1.29e+18,poyrazhuso,"SJosephBurns markminervini CNBC minutetrading ATA  Privacy 

Thats 

Why ATA Automata 
Automata  
crypto 
coin
CoinMarketCap 
coindesk 
Binance¬†¬†¬†¬† 
Coinbase 
ElonMusk 
EylemCulculoglu 
VitalikButerin 
AutomataNetwork 
CryptoMichNL 
MMCrypto 
czbinance 
altugisler 
TheCryptoLark 
bugrasukas"
1450000000000000000,2021-10-19,1.29e+18,poyrazhuso,"SenSanders ATA  Privacy 

Thats 

Why ATA Automata 
Automata  
crypto 
coin
CoinMarketCap 
coindesk 
Binance¬†¬†¬†¬† 
Coinbase 
ElonMusk 
EylemCulculoglu 
VitalikButerin 
AutomataNetwork 
CryptoMichNL 
MMCrypto 
czbinance 
altugisler 
TheCryptoLark 
bugrasukas"
1450000000000000000,2021-10-19,1.29e+18,poyrazhuso,"EylemCulculoglu ATA  Privacy 

Thats 

Why ATA Automata 
Automata  
crypto 
coin
CoinMarketCap 
coindesk 
Binance¬†¬†¬†¬† 
Coinbase 
ElonMusk 
EylemCulculoglu 
VitalikButerin 
AutomataNetwork 
CryptoMichNL 
MMCrypto 
czbinance 
altugisler 
TheCryptoLark 
bugrasukas"
1450000000000000000,2021-10-19,1.29e+18,poyrazhuso,"ShibainuCoin elonmusk gateio Treestoken Utodayen ATA  Privacy 

Thats 

Why ATA Automata 
Automata  
crypto 
coin
CoinMarketCap 
coindesk 
Binance¬†¬†¬†¬† 
Coinbase 
ElonMusk 
EylemCulculoglu 
VitalikButerin 
AutomataNetwork 
CryptoMichNL 
MMCrypto 
czbinance 
altugisler 
TheCryptoLark 
bugrasukas"
1450000000000000000,2021-10-19,1323280062.0,BTCticker,One Bitcoin now worth  Market Cap  Billion Based  coindesk BPI bitcoin
1450000000000000000,2021-10-19,1.29e+18,poyrazhuso,"TrueCrypto ATA  Privacy 

Thats 

Why ATA Automata 
Automata  
crypto 
coin
CoinMarketCap 
coindesk 
Binance¬†¬†¬†¬† 
Coinbase 
ElonMusk 
EylemCulculoglu 
VitalikButerin 
AutomataNetwork 
CryptoMichNL 
MMCrypto 
czbinance 
altugisler 
TheCryptoLark 
bugrasukas"
1450000000000000000,2021-10-19,1.29e+18,poyrazhuso,"Shibtoken ShytoshiKusama ATA  Privacy 

Thats 

Why ATA Automata 
Automata  
crypto 
coin
CoinMarketCap 
coindesk 
Binance¬†¬†¬†¬† 
Coinbase 
ElonMusk 
EylemCulculoglu 
VitalikButerin 
AutomataNetwork 
CryptoMichNL 
MMCrypto 
czbinance 
altugisler 
TheCryptoLark 
bugrasukas"
1450000000000000000,2021-10-19,9.32e+17,ConsiliumCrypto,"krakenfx users can now buy cryptocurrencies  its app using Apple and Google Pay Earlier users had  copy and paste deposit details from their internet banking app

 blockchain bitcoin ethereum digitalassets coindesk bigdata wealthmanagement
https://./DsdDOnPp"
1450000000000000000,2021-10-19,1.29e+18,poyrazhuso,"TechDev ATA  Privacy 

Thats 

Why ATA Automata 
Automata  
crypto 
coin
CoinMarketCap 
coindesk 
Binance¬†¬†¬†¬† 
Coinbase 
ElonMusk 
EylemCulculoglu 
VitalikButerin 
AutomataNetwork 
CryptoMichNL 
MMCrypto 
czbinance 
altugisler 
TheCryptoLark 
bugrasukas"
1450000000000000000,2021-10-19,1.29e+18,poyrazhuso,"ErkanOz ATA  Privacy 

Thats 

Why ATA Automata 
Automata  
crypto 
coin
CoinMarketCap 
coindesk 
Binance¬†¬†¬†¬† 
Coinbase 
ElonMusk 
EylemCulculoglu 
VitalikButerin 
AutomataNetwork 
CryptoMichNL 
MMCrypto 
czbinance 
altugisler 
TheCryptoLark 
bugrasukas"
1450000000000000000,2021-10-19,340070780.0,x3tko,Bitcoin Hits Month High  First Bitcoin Futures ETF ‚ÄòBITO‚Äô Starts Trading coindesk bitcoin crypto https://./UbmaABZZ
